{"0.5": {"chungha": {"ZeroR": {"average f1": 0.0, "average acc": 0.5}, "DecisionTree": {"average f1": 0.7402150882712781, "average acc": 0.7380000000000001}, "kNN": {"average f1": 0.6400743007291949, "average acc": 0.6415}, "NaiveBayes": {"average f1": 0.6769046817571455, "average acc": 0.5355000000000001}, "SVM": {"average f1": 0.66253999034199, "average acc": 0.6525000000000001}, "LogisticRegression": {"average f1": 0.7503186168343545, "average acc": 0.7449999999999999}, "AdaBoost": {"average f1": 0.7856842086452154, "average acc": 0.7805}, "RandomForest": {"average f1": 0.8049995518638886, "average acc": 0.8024999999999999}}, "dongik": {"ZeroR": {"average f1": 0.0, "average acc": 0.5}, "DecisionTree": {"average f1": 0.8167738203382656, "average acc": 0.8185}, "kNN": {"average f1": 0.6502521844299463, "average acc": 0.643}, "NaiveBayes": {"average f1": 0.6845436975012748, "average acc": 0.5459999999999999}, "SVM": {"average f1": 0.6723433048052146, "average acc": 0.6825000000000001}, "LogisticRegression": {"average f1": 0.7393579569855716, "average acc": 0.7295}, "AdaBoost": {"average f1": 0.8672512405635601, "average acc": 0.8625000000000002}, "RandomForest": {"average f1": 0.8797184373020153, "average acc": 0.8775000000000001}}, "eunhye": {"ZeroR": {"average f1": 0.0, "average acc": 0.5}, "DecisionTree": {"average f1": 0.7989143671814238, "average acc": 0.7969999999999999}, "kNN": {"average f1": 0.5953834423757751, "average acc": 0.6025}, "NaiveBayes": {"average f1": 0.3665134111060442, "average acc": 0.5795000000000001}, "SVM": {"average f1": 0.6290997887008158, "average acc": 0.6285}, "LogisticRegression": {"average f1": 0.7054959694762946, "average acc": 0.6984999999999999}, "AdaBoost": {"average f1": 0.8200655664833543, "average acc": 0.8135}, "RandomForest": {"average f1": 0.8549219992373771, "average acc": 0.8505}}, "In-Taek": {"ZeroR": {"average f1": 0.0, "average acc": 0.5}, "DecisionTree": {"average f1": 0.7385634727478848, "average acc": 0.7400000000000001}, "kNN": {"average f1": 0.643291534245866, "average acc": 0.6300000000000001}, "NaiveBayes": {"average f1": 0.6782467255502832, "average acc": 0.5370000000000001}, "SVM": {"average f1": 0.6844825624564461, "average acc": 0.6495}, "LogisticRegression": {"average f1": 0.7262253981139297, "average acc": 0.7144999999999999}, "AdaBoost": {"average f1": 0.8096182179540596, "average acc": 0.7995000000000001}, "RandomForest": {"average f1": 0.8171511622329003, "average acc": 0.8100000000000002}}, "jooyeong": {"ZeroR": {"average f1": 0.0, "average acc": 0.5}, "DecisionTree": {"average f1": 0.7936287614051147, "average acc": 0.7929999999999999}, "kNN": {"average f1": 0.5676518380852889, "average acc": 0.5650000000000001}, "NaiveBayes": {"average f1": 0.15953908358682417, "average acc": 0.5175000000000001}, "SVM": {"average f1": 0.6089922599711721, "average acc": 0.5935}, "LogisticRegression": {"average f1": 0.6784661742173076, "average acc": 0.6745000000000001}, "AdaBoost": {"average f1": 0.8136822801253516, "average acc": 0.8084999999999999}, "RandomForest": {"average f1": 0.8416551629566957, "average acc": 0.8370000000000001}}, "juchanseo": {"ZeroR": {"average f1": 0.0, "average acc": 0.5}, "DecisionTree": {"average f1": 0.6840917806262528, "average acc": 0.6835000000000001}, "kNN": {"average f1": 0.6116563477389909, "average acc": 0.6100000000000001}, "NaiveBayes": {"average f1": 0.15043442029555792, "average acc": 0.5125}, "SVM": {"average f1": 0.6932735031918978, "average acc": 0.6445}, "LogisticRegression": {"average f1": 0.7048062971780438, "average acc": 0.705}, "AdaBoost": {"average f1": 0.7563133298279425, "average acc": 0.7450000000000001}, "RandomForest": {"average f1": 0.774276130134931, "average acc": 0.7685}}, "junryeol": {"ZeroR": {"average f1": 0.0, "average acc": 0.5}, "DecisionTree": {"average f1": 0.7206039753747631, "average acc": 0.724}, "kNN": {"average f1": 0.6198626074415311, "average acc": 0.614}, "NaiveBayes": {"average f1": 0.24019041387884754, "average acc": 0.5385}, "SVM": {"average f1": 0.7036231777708355, "average acc": 0.6705}, "LogisticRegression": {"average f1": 0.6391144591010177, "average acc": 0.655}, "AdaBoost": {"average f1": 0.8129736493077597, "average acc": 0.8059999999999998}, "RandomForest": {"average f1": 0.8251381014677627, "average acc": 0.819}}, "juyeon": {"ZeroR": {"average f1": 0.0, "average acc": 0.5}, "DecisionTree": {"average f1": 0.702860460077255, "average acc": 0.6970000000000001}, "kNN": {"average f1": 0.5253996005223808, "average acc": 0.5275000000000001}, "NaiveBayes": {"average f1": 0.20298869180570675, "average acc": 0.5270000000000001}, "SVM": {"average f1": 0.49430965240428526, "average acc": 0.5495}, "LogisticRegression": {"average f1": 0.5955767492130855, "average acc": 0.6200000000000001}, "AdaBoost": {"average f1": 0.6893310685302587, "average acc": 0.6855}, "RandomForest": {"average f1": 0.7418384464879165, "average acc": 0.736}}, "myounghun": {"ZeroR": {"average f1": 0.0, "average acc": 0.5}, "DecisionTree": {"average f1": 0.7664906062847752, "average acc": 0.7689999999999999}, "kNN": {"average f1": 0.5996428955147133, "average acc": 0.5994999999999999}, "NaiveBayes": {"average f1": 0.21058156063518657, "average acc": 0.5295}, "SVM": {"average f1": 0.6373064520979801, "average acc": 0.6335}, "LogisticRegression": {"average f1": 0.7607297998428757, "average acc": 0.7555000000000001}, "AdaBoost": {"average f1": 0.823893624330994, "average acc": 0.821}, "RandomForest": {"average f1": 0.8482434313761841, "average acc": 0.8455}}, "songmin": {"ZeroR": {"average f1": 0.0, "average acc": 0.5}, "DecisionTree": {"average f1": 0.6715476760653585, "average acc": 0.666}, "kNN": {"average f1": 0.563723002630501, "average acc": 0.558}, "NaiveBayes": {"average f1": 0.603642712778193, "average acc": 0.4955}, "SVM": {"average f1": 0.5482582999571463, "average acc": 0.5864999999999999}, "LogisticRegression": {"average f1": 0.6276949304324855, "average acc": 0.6320000000000001}, "AdaBoost": {"average f1": 0.731449066617149, "average acc": 0.7065}, "RandomForest": {"average f1": 0.7264485707202967, "average acc": 0.7074999999999999}}, "sooyeon": {"ZeroR": {"average f1": 0.0, "average acc": 0.5}, "DecisionTree": {"average f1": 0.8799236501080694, "average acc": 0.8795}, "kNN": {"average f1": 0.5790315612843633, "average acc": 0.5729999999999998}, "NaiveBayes": {"average f1": 0.6549126935090477, "average acc": 0.51}, "SVM": {"average f1": 0.6164383713868116, "average acc": 0.602}, "LogisticRegression": {"average f1": 0.744735026365144, "average acc": 0.7394999999999999}, "AdaBoost": {"average f1": 0.9015899197516429, "average acc": 0.9010000000000001}, "RandomForest": {"average f1": 0.9140695380689419, "average acc": 0.9125}}, "woojinkang": {"ZeroR": {"average f1": 0.0, "average acc": 0.5}, "DecisionTree": {"average f1": 0.7009944822218891, "average acc": 0.7015}, "kNN": {"average f1": 0.6166591106397156, "average acc": 0.6064999999999999}, "NaiveBayes": {"average f1": 0.6734214872628492, "average acc": 0.5269999999999999}, "SVM": {"average f1": 0.6887982298903803, "average acc": 0.6559999999999999}, "LogisticRegression": {"average f1": 0.6733649949791232, "average acc": 0.6715}, "AdaBoost": {"average f1": 0.7708341031374636, "average acc": 0.7560000000000001}, "RandomForest": {"average f1": 0.7745331007284497, "average acc": 0.7659999999999999}}, "yeogyeong": {"ZeroR": {"average f1": 0.0, "average acc": 0.5}, "DecisionTree": {"average f1": 0.7449653468281141, "average acc": 0.7454999999999999}, "kNN": {"average f1": 0.5498211738206628, "average acc": 0.5355000000000001}, "NaiveBayes": {"average f1": 0.6604347479566329, "average acc": 0.5120000000000001}, "SVM": {"average f1": 0.6202223021409864, "average acc": 0.5614999999999999}, "LogisticRegression": {"average f1": 0.6895157949767963, "average acc": 0.683}, "AdaBoost": {"average f1": 0.7769218132058316, "average acc": 0.764}, "RandomForest": {"average f1": 0.8133806716746885,