{"0.5": {"chungha": {"ZeroR": {"average f1": 0.0, "average acc": 0.9230769230769231}, "DecisionTree": {"average f1": 0.3064817834811432, "average acc": 0.8867692307692309}, "kNN": {"average f1": 0.07147015420575833, "average acc": 0.9156923076923077}, "NaiveBayes": {"average f1": 0.0, "average acc": 0.9230769230769231}, "SVM": {"average f1": 0.0, "average acc": 0.9230769230769231}, "LogisticRegression": {"average f1": 0.03963307110365934, "average acc": 0.920153846153846}, "AdaBoost": {"average f1": 0.24440935214098655, "average acc": 0.9210769230769229}, "RandomForest": {"average f1": 0.28905889904065046, "average acc": 0.928076923076923}}, "dongik": {"ZeroR": {"average f1": 0.0, "average acc": 0.9230769230769231}, "DecisionTree": {"average f1": 0.3776676737670365, "average acc": 0.9022307692307692}, "kNN": {"average f1": 0.13016548510435139, "average acc": 0.9167692307692308}, "NaiveBayes": {"average f1": 0.0, "average acc": 0.9230769230769231}, "SVM": {"average f1": 0.0038475767665556784, "average acc": 0.9225384615384616}, "LogisticRegression": {"average f1": 0.003704974271012007, "average acc": 0.9195384615384615}, "AdaBoost": {"average f1": 0.38233652917197014, "average acc": 0.9254615384615384}, "RandomForest": {"average f1": 0.3700935109104704, "average acc": 0.9311538461538461}}, "eunhye": {"ZeroR": {"average f1": 0.0, "average acc": 0.9230769230769231}, "DecisionTree": {"average f1": 0.315302310044919, "average acc": 0.8950000000000001}, "kNN": {"average f1": 0.04863052842062102, "average acc": 0.9167692307692308}, "NaiveBayes": {"average f1": 0.0, "average acc": 0.9168461538461539}, "SVM": {"average f1": 0.0, "average acc": 0.9230769230769231}, "LogisticRegression": {"average f1": 0.021872872017729573, "average acc": 0.9209999999999999}, "AdaBoost": {"average f1": 0.1610644202833746, "average acc": 0.9112307692307693}, "RandomForest": {"average f1": 0.20274721271030774, "average acc": 0.9233846153846154}}, "In-Taek": {"ZeroR": {"average f1": 0.0, "average acc": 0.9230769230769231}, "DecisionTree": {"average f1": 0.18044349104922458, "average acc": 0.869923076923077}, "kNN": {"average f1": 0.03664462925780523, "average acc": 0.9142307692307693}, "NaiveBayes": {"average f1": 0.0, "average acc": 0.9230769230769231}, "SVM": {"average f1": 0.0, "average acc": 0.9230769230769231}, "LogisticRegression": {"average f1": 0.0019047619047619045, "average acc": 0.917}, "AdaBoost": {"average f1": 0.08666569713018216, "average acc": 0.9177692307692308}, "RandomForest": {"average f1": 0.08539930318094799, "average acc": 0.9180769230769231}}, "jooyeong": {"ZeroR": {"average f1": 0.0, "average acc": 0.9230769230769231}, "DecisionTree": {"average f1": 0.34668146563932084, "average acc": 0.8935384615384615}, "kNN": {"average f1": 0.02524105923147087, "average acc": 0.9171538461538461}, "NaiveBayes": {"average f1": 0.0, "average acc": 0.9229230769230771}, "SVM": {"average f1": 0.0, "average acc": 0.9230769230769231}, "LogisticRegression": {"average f1": 0.0, "average acc": 0.921076923076923}, "AdaBoost": {"average f1": 0.16970754169653612, "average acc": 0.9156153846153845}, "RandomForest": {"average f1": 0.2343996875147744, "average acc": 0.9278461538461539}}, "juchanseo": {"ZeroR": {"average f1": 0.0, "average acc": 0.9230769230769231}, "DecisionTree": {"average f1": 0.1778084352040555, "average acc": 0.8611538461538462}, "kNN": {"average f1": 0.022987225613833956, "average acc": 0.9157692307692307}, "NaiveBayes": {"average f1": 0.0, "average acc": 0.9229230769230771}, "SVM": {"average f1": 0.0, "average acc": 0.9230769230769231}, "LogisticRegression": {"average f1": 0.021360550032276788, "average acc": 0.9179230769230771}, "AdaBoost": {"average f1": 0.041645509841480646, "average acc": 0.9192307692307692}, "RandomForest": {"average f1": 0.07010323806063348, "average acc": 0.9196153846153846}}, "junryeol": {"ZeroR": {"average f1": 0.0, "average acc": 0.9230769230769231}, "DecisionTree": {"average f1": 0.3187921710623232, "average acc": 0.8936153846153847}, "kNN": {"average f1": 0.0441253141311237, "average acc": 0.916076923076923}, "NaiveBayes": {"average f1": 0.023629343629343626, "average acc": 0.9163076923076924}, "SVM": {"average f1": 0.0, "average acc": 0.9230769230769231}, "LogisticRegression": {"average f1": 0.051201529679723315, "average acc": 0.9181538461538462}, "AdaBoost": {"average f1": 0.10867509879660994, "average acc": 0.9170769230769229}, "RandomForest": {"average f1": 0.11375969053803743, "average acc": 0.9193846153846155}}, "juyeon": {"ZeroR": {"average f1": 0.0, "average acc": 0.9230769230769231}, "DecisionTree": {"average f1": 0.24130116650927488, "average acc": 0.8773846153846154}, "kNN": {"average f1": 0.011091807119844503, "average acc": 0.918923076923077}, "NaiveBayes": {"average f1": 0.0, "average acc": 0.9216923076923077}, "SVM": {"average f1": 0.0, "average acc": 0.9230769230769231}, "LogisticRegression": {"average f1": 0.009355299087014195, "average acc": 0.9185384615384615}, "AdaBoost": {"average f1": 0.10503508497053134, "average acc": 0.9157692307692307}, "RandomForest": {"average f1": 0.1284644988801813, "average acc": 0.9221538461538463}}, "myounghun": {"ZeroR": {"average f1": 0.0, "average acc": 0.9230769230769231}, "DecisionTree": {"average f1": 0.3977163932819153, "average acc": 0.8920769230769228}, "kNN": {"average f1": 0.056775556547535536, "average acc": 0.9166153846153847}, "NaiveBayes": {"average f1": 0.005411089922167249, "average acc": 0.9185384615384613}, "SVM": {"average f1": 0.0, "average acc": 0.9230769230769231}, "LogisticRegression": {"average f1": 0.15806287161706994, "average acc": 0.9216153846153847}, "AdaBoost": {"average f1": 0.37627951238784607, "average acc": 0.9247692307692308}, "RandomForest": {"average f1": 0.40670879783919334, "average acc": 0.9323076923076924}}, "songmin": {"ZeroR": {"average f1": 0.0, "average acc": 0.9230769230769231}, "DecisionTree": {"average f1": 0.12924439296734969, "average acc": 0.8500769230769232}, "kNN": {"average f1": 0.007148557565980434, "average acc": 0.9166923076923077}, "NaiveBayes": {"average f1": 0.0, "average acc": 0.9229230769230771}, "SVM": {"average f1": 0.0, "average acc": 0.9230769230769231}, "LogisticRegression": {"average f1": 0.0, "average acc": 0.9224615384615384}, "AdaBoost": {"average f1": 0.005607476635514018, "average acc": 0.9211538461538462}, "RandomForest": {"average f1": 0.0114150376771736, "average acc": 0.9207692307692307}}, "sooyeon": {"ZeroR": {"average f1": 0.0, "average acc": 0.9230769230769231}, "DecisionTree": {"average f1": 0.5659235596122776, "average acc": 0.9305384615384614}, "kNN": {"average f1": 0.02495467740046662, "average acc": 0.9167692307692308}, "NaiveBayes": {"average f1": 0.0, "average acc": 0.9229230769230771}, "SVM": {"average f1": 0.0, "average acc": 0.9230769230769231}, "LogisticRegression": {"average f1": 0.023556773031754793, "average acc": 0.9221538461538461}, "AdaBoost": {"average f1": 0.29560763894798037, "average acc": 0.9214615384615383}, "RandomForest": {"average f1": 0.4959571662611714, "average acc": 0.9400769230769231}}, "woojinkang": {"ZeroR": {"average f1": 0.0, "average acc": 0.9230769230769231}, "DecisionTree": {"average f1": 0.1642608909116437, "average acc": 0.8595384615384616}, "kNN": {"average f1": 0.05356541746699691, "average acc": 0.9161538461538461}, "NaiveBayes": {"average f1": 0.0, "average acc": 0.9230769230769231}, "SVM": {"average f1": 0.0, "average acc": 0.9230769230769231}, "LogisticRegression": {"average f1": 0.00392156862745098, "average acc": 0.9222307692307693}, "AdaBoost": {"average f1": 0.0, "average acc": 0.921923076923077}, "RandomForest": {"average f1": 0.012589484256439423, "average acc": 0.9186153846153845}}, "yeogyeong": {"ZeroR": {"average f1": 0.0, "average acc": 0.9230769230769231}, "DecisionTree": {"average f1": 0.29304488945888674, "average acc": 0.8881538461538463}, "kNN": {"average f1": 0.037327614784247995, "average acc": 0.9180769230769231},