{"0.5": {"ZeroR": {"average f1": NaN, "average acc": 0.07692307692307691}, "DecisionTree": {"average f1": NaN, "average acc": 0.285}, "kNN": {"average f1": NaN, "average acc": 0.1362307692307692}, "NaiveBayes": {"average f1": NaN, "average acc": 0.08723076923076924}, "SVM": {"average f1": NaN, "average acc": 0.17}, "LogisticRegression": {"average f1": NaN, "average acc": 0.1660769230769231}, "AdaBoost": {"average f1": NaN, "average acc": 0.26076923076923075}, "RandomForest": {"average f1": NaN, "average acc": 0.3688461538461539}}, "0.7": {"ZeroR": {"average f1": NaN, "average acc": 0.07692307692307691}, "DecisionTree": {"average f1": NaN, "average acc": 0.2777692307692308}, "kNN": {"average f1": NaN, "average acc": 0.13807692307692307}, "NaiveBayes": {"average f1": NaN, "average acc": 0.07707692307692307}, "SVM": {"average f1": NaN, "average acc": 0.1686923076923077}, "LogisticRegression": {"average f1": NaN, "average acc": 0.1739230769230769}, "AdaBoost": {"average f1": NaN, "average acc": 0.24561538461538462}, "RandomForest": {"average f1": NaN, "average acc": 0.36569230769230776}}}