{"0.5": {"chungha": {"ZeroR": {"average f1": 0.0, "average acc": 0.5}, "DecisionTree": {"average f1": 0.7440896513643742, "average acc": 0.7424999999999999}, "kNN": {"average f1": 0.6458577068435671, "average acc": 0.6505}, "NaiveBayes": {"average f1": 0.6769046817571455, "average acc": 0.5355000000000001}, "SVM": {"average f1": 0.6657527449914401, "average acc": 0.6555}, "LogisticRegression": {"average f1": 0.7536114010555407, "average acc": 0.7505}, "AdaBoost": {"average f1": 0.7875552452948155, "average acc": 0.781}, "RandomForest": {"average f1": 0.8131539491522968, "average acc": 0.8100000000000002}}, "dongik": {"ZeroR": {"average f1": 0.0, "average acc": 0.5}, "DecisionTree": {"average f1": 0.8156786293691753, "average acc": 0.8164999999999999}, "kNN": {"average f1": 0.6756758591071085, "average acc": 0.664}, "NaiveBayes": {"average f1": 0.6845436975012748, "average acc": 0.5459999999999999}, "SVM": {"average f1": 0.6746046090354644, "average acc": 0.6849999999999999}, "LogisticRegression": {"average f1": 0.7279585104992239, "average acc": 0.7194999999999999}, "AdaBoost": {"average f1": 0.8682278261515087, "average acc": 0.8634999999999999}, "RandomForest": {"average f1": 0.881375874753844, "average acc": 0.8790000000000001}}, "eunhye": {"ZeroR": {"average f1": 0.0, "average acc": 0.5}, "DecisionTree": {"average f1": 0.8033637649534334, "average acc": 0.8015000000000002}, "kNN": {"average f1": 0.5823595478704693, "average acc": 0.5870000000000001}, "NaiveBayes": {"average f1": 0.3665134111060442, "average acc": 0.5795000000000001}, "SVM": {"average f1": 0.6285982082494247, "average acc": 0.63}, "LogisticRegression": {"average f1": 0.7119284542648332, "average acc": 0.704}, "AdaBoost": {"average f1": 0.81407695869511, "average acc": 0.8065}, "RandomForest": {"average f1": 0.8506360969249688, "average acc": 0.8455}}, "In-Taek": {"ZeroR": {"average f1": 0.0, "average acc": 0.5}, "DecisionTree": {"average f1": 0.7252622881412886, "average acc": 0.7289999999999999}, "kNN": {"average f1": 0.6564662279636828, "average acc": 0.6405000000000001}, "NaiveBayes": {"average f1": 0.6782467255502832, "average acc": 0.5370000000000001}, "SVM": {"average f1": 0.6842050873447887, "average acc": 0.6495}, "LogisticRegression": {"average f1": 0.7239726765179406, "average acc": 0.7130000000000001}, "AdaBoost": {"average f1": 0.8028842919382069, "average acc": 0.7935000000000001}, "RandomForest": {"average f1": 0.8170038000403045, "average acc": 0.8104999999999999}}, "jooyeong": {"ZeroR": {"average f1": 0.0, "average acc": 0.5}, "DecisionTree": {"average f1": 0.7886272750869805, "average acc": 0.7899999999999998}, "kNN": {"average f1": 0.5636797623460242, "average acc": 0.557}, "NaiveBayes": {"average f1": 0.15953908358682417, "average acc": 0.5175000000000001}, "SVM": {"average f1": 0.6095192361545159, "average acc": 0.5930000000000001}, "LogisticRegression": {"average f1": 0.6743162897732742, "average acc": 0.6744999999999999}, "AdaBoost": {"average f1": 0.8149365532759486, "average acc": 0.8099999999999999}, "RandomForest": {"average f1": 0.8365483905860156, "average acc": 0.8324999999999999}}, "juchanseo": {"ZeroR": {"average f1": 0.0, "average acc": 0.5}, "DecisionTree": {"average f1": 0.7002649303380164, "average acc": 0.6994999999999999}, "kNN": {"average f1": 0.6099536933900473, "average acc": 0.6064999999999999}, "NaiveBayes": {"average f1": 0.15043442029555792, "average acc": 0.5125}, "SVM": {"average f1": 0.694144488692508, "average acc": 0.6455000000000001}, "LogisticRegression": {"average f1": 0.7063182808658253, "average acc": 0.706}, "AdaBoost": {"average f1": 0.7589235317781646, "average acc": 0.7475}, "RandomForest": {"average f1": 0.7665354167489641, "average acc": 0.7605}}, "junryeol": {"ZeroR": {"average f1": 0.0, "average acc": 0.5}, "DecisionTree": {"average f1": 0.7413517201305467, "average acc": 0.7434999999999999}, "kNN": {"average f1": 0.6423948088649991, "average acc": 0.6415000000000001}, "NaiveBayes": {"average f1": 0.24019041387884754, "average acc": 0.5385}, "SVM": {"average f1": 0.7032532316073705, "average acc": 0.6705}, "LogisticRegression": {"average f1": 0.6547705791857836, "average acc": 0.6665}, "AdaBoost": {"average f1": 0.8129736493077597, "average acc": 0.8059999999999998}, "RandomForest": {"average f1": 0.8242712087734752, "average acc": 0.8164999999999999}}, "juyeon": {"ZeroR": {"average f1": 0.0, "average acc": 0.5}, "DecisionTree": {"average f1": 0.6931472555503118, "average acc": 0.6930000000000001}, "kNN": {"average f1": 0.503033335262251, "average acc": 0.5069999999999999}, "NaiveBayes": {"average f1": 0.20298869180570675, "average acc": 0.5270000000000001}, "SVM": {"average f1": 0.4716143705180639, "average acc": 0.5424999999999999}, "LogisticRegression": {"average f1": 0.6082908391489461, "average acc": 0.628}, "AdaBoost": {"average f1": 0.6913705569685037, "average acc": 0.687}, "RandomForest": {"average f1": 0.7413708940200692, "average acc": 0.7365}}, "myounghun": {"ZeroR": {"average f1": 0.0, "average acc": 0.5}, "DecisionTree": {"average f1": 0.7611125479223256, "average acc": 0.765}, "kNN": {"average f1": 0.6187231617486557, "average acc": 0.6164999999999999}, "NaiveBayes": {"average f1": 0.21058156063518657, "average acc": 0.5295}, "SVM": {"average f1": 0.6375275115351926, "average acc": 0.6340000000000001}, "LogisticRegression": {"average f1": 0.7675306185860143, "average acc": 0.7625}, "AdaBoost": {"average f1": 0.8236765401497855, "average acc": 0.8204999999999998}, "RandomForest": {"average f1": 0.8408390775804753, "average acc": 0.8385}}, "songmin": {"ZeroR": {"average f1": 0.0, "average acc": 0.5}, "DecisionTree": {"average f1": 0.6644314645303148, "average acc": 0.663}, "kNN": {"average f1": 0.566373077354078, "average acc": 0.56}, "NaiveBayes": {"average f1": 0.603642712778193, "average acc": 0.4955}, "SVM": {"average f1": 0.5451507397589295, "average acc": 0.587}, "LogisticRegression": {"average f1": 0.6228654435943864, "average acc": 0.631}, "AdaBoost": {"average f1": 0.7271160705976704, "average acc": 0.7035}, "RandomForest": {"average f1": 0.7284237141890881, "average acc": 0.7124999999999999}}, "sooyeon": {"ZeroR": {"average f1": 0.0, "average acc": 0.5}, "DecisionTree": {"average f1": 0.8797668944641132, "average acc": 0.8795}, "kNN": {"average f1": 0.5715693185385262, "average acc": 0.5730000000000001}, "NaiveBayes": {"average f1": 0.6549126935090477, "average acc": 0.51}, "SVM": {"average f1": 0.6172779520467356, "average acc": 0.604}, "LogisticRegression": {"average f1": 0.7304714234579919, "average acc": 0.7215}, "AdaBoost": {"average f1": 0.8991060645490654, "average acc": 0.898}, "RandomForest": {"average f1": 0.911278038052591, "average acc": 0.9095000000000002}}, "woojinkang": {"ZeroR": {"average f1": 0.0, "average acc": 0.5}, "DecisionTree": {"average f1": 0.7165099729144256, "average acc": 0.7135}, "kNN": {"average f1": 0.628337172369462, "average acc": 0.6199999999999999}, "NaiveBayes": {"average f1": 0.6734214872628492, "average acc": 0.5269999999999999}, "SVM": {"average f1": 0.6878625250711067, "average acc": 0.655}, "LogisticRegression": {"average f1": 0.6882097271914673, "average acc": 0.6854999999999999}, "AdaBoost": {"average f1": 0.7772832730957541, "average acc": 0.7615000000000001}, "RandomForest": {"average f1": 0.7754074862330818, "average acc": 0.767}}, "yeogyeong": {"ZeroR": {"average f1": 0.0, "average acc": 0.5}, "DecisionTree": {"average f1": 0.7426305714888917, "average acc": 0.7409999999999999}, "kNN": {"average f1": 0.5417622290662495, "average acc": 0.524}, "NaiveBayes": {"average f1": 0.6604347479566329, "average acc": 0.5120000000000001}, "SVM": {"average f1": 0.621632837239485, "average acc": 0.5609999999999999}, "LogisticRegression": {"average f1": 0.6716910111968155, "average acc": 0.6704999999999999}, "AdaBoost": {"average f1": 0.7780144368511405, "average acc": 0.764}, "RandomForest": {"average f1": 0.8086912498133083, "average acc": 0.8005000000000001}}},